pl_name,hostname,st_teff,sy_dist,pl_rade,M_used,mass_source,S,T_surf_assumed_K,ESI4,ESI_PHL_SR,discoverymethod,sp_type
Teegarden's Star b,Teegarden's Star,3034.0,3.83078,1.05,1.16,Msini,1.08,293.5948455095828,0.9785428756297007,0.9677961653024918,Radial Velocity,M
TOI-700 d,TOI-700,3459.0,31.1265,1.145,1.58,M-R relationship,0.85,276.5331617484061,0.941582794206663,0.9253549209607889,Transit,M
Kepler-1649 c,Kepler-1649,3240.0,92.1913,1.06,1.2,M-R relationship,0.75,268.01419942140467,0.9400737892123449,0.8969065967592337,Transit,M
GJ 3378 b,GJ 3378,3340.0,7.72274,1.32,2.3,Msini,0.91,281.28905617234227,0.93831622130754,0.8969337491078901,Radial Velocity,M
TOI-700 e,TOI-700,3459.0,31.1265,0.919,0.718,M-R relationship,1.27,305.73377448787517,0.9322104335671574,0.9107559137189475,Transit,M
GJ 1002 b,GJ 1002,3024.0,4.84867,1.03,1.08,Msini,0.67,260.5620656024565,0.9255568293789009,0.8598820994839589,Radial Velocity,M
Ross 128 b,Ross 128,3192.0,3.37454,1.11,1.4,Msini,1.38,312.1492238151651,0.9244840091252533,0.881234751465979,Radial Velocity,M
K2-72 e,K2-72,3360.47,66.4321,1.29,2.21,M-R relationship,1.2,301.4309201449264,0.9226562354401795,0.8897694846214876,Transit,M
Proxima Cen b,Proxima Cen,2900.0,1.30119,1.02,1.055,Msini,0.641,257.6955951618205,0.919992713925782,0.8451485810581747,Radial Velocity,M
Kepler-438 b,Kepler-438,3748.0,195.94287175,1.12,1.46,M-R relationship,1.4,313.2741041099358,0.9181597703630062,0.875537626244256,Transit,M
Wolf 1069 b,Wolf 1069,3158.0,9.58341,1.08,1.26,Msini,0.652,258.79410932493255,0.914783029605683,0.8485828715022065,Radial Velocity,M
GJ 273 b,GJ 273,3382.0,5.921535,1.51,2.89,Msini,1.06,292.22606769657386,0.9069222239223447,0.8548562862443944,Radial Velocity,M
L 98-59 f,L 98-59,3415.0,10.6194,1.48,2.8,Msini,1.1,294.94474245632017,0.9068373469386992,0.8590593177185737,Radial Velocity,M
GJ 1061 c,GJ 1061,2953.0,3.67278,1.19,1.81,Mass,1.4,313.2741041099358,0.9031420534942284,0.8671378030492555,Radial Velocity,M
TRAPPIST-1 d,TRAPPIST-1,2566.0,12.42988881,0.788,0.388,Mass,1.115,295.9451346892418,0.9015451666678457,0.9077641454173194,Transit,M
LP 890-9 c,LP 890-9,2850.0,32.4298,1.367,3.066376657567467,Chen&Kipping2017 (this script),0.906,280.97943648889543,0.8996408406447215,0.8849514816383406,Transit,M
TRAPPIST-1 e,TRAPPIST-1,2566.0,12.42988881,0.92,0.692,Mass,0.646,258.1966583774767,0.8927107788233242,0.8450970434309255,Transit,M
Kepler-442 b,Kepler-442,4402.0,365.965,1.34,2.36,M-R relationship,0.66,259.5843295413121,0.8817755067762236,0.8224292001765443,Transit,K
Kepler-452 b,Kepler-452,5757.0,551.727,1.63,3.29,M-R relationship,1.1,294.94474245632017,0.8794754430605227,0.8273026194827365,Transit,G
GJ 1061 d,GJ 1061,2953.0,3.67278,1.16,1.67,Mass,0.6,253.4721801964973,0.8792014757420413,0.8156267800764826,Radial Velocity,M
Kepler-1652 b,Kepler-1652,3638.0,252.0,1.6,3.19,M-R relationship,0.81,273.22078983854794,0.866827814666399,0.8207325496249352,Transit,M
Kepler-1410 b,Kepler-1410,4092.0,367.0,1.78,3.82,M-R relationship,1.06,292.22606769657386,0.8599737531770446,0.8005370087932495,Transit,K
Kepler-296 e,Kepler-296,3740.0,167.0,1.53,2.96,M-R relationship,1.41,313.83202992481074,0.8584321901955079,0.8091770547133484,Transit,M
GJ 667 C c,GJ 667 C,3350.0,7.24396,1.77,3.8,Msini,0.8774,278.73525027799803,0.8510352865271601,0.7980885723405373,Radial Velocity,M
Wolf 1061 c,Wolf 1061,3342.0,4.30592,1.66,3.41,Msini,1.3,307.523512043263,0.8490690145234318,0.8017868367648343,Radial Velocity,M
TOI-715 b,TOI-715,3075.0,42.4048,1.55,3.02,M-R relationship,0.67,260.5620656024565,0.8459541310688398,0.7931567958470482,Transit,M
Kepler-1544 b,Kepler-1544,4886.0,335.09,1.78,3.82,M-R relationship,0.833,275.14000327396593,0.8412371372314907,0.7914056505577929,Transit,K
K2-3 d,K2-3,3844.0,44.0727,1.458,3.8631763207394987,Chen&Kipping2017 (this script),1.44,315.48819312297564,0.8409075681030764,0.8166463259564882,Transit,M
GJ 667 C f,GJ 667 C,3350.0,7.24396,1.45,2.7,Msini,0.5633,249.50395003393209,0.8364180968505898,0.7636003821673369,Radial Velocity,M
TOI-1266 d,TOI-1266,3563.0,36.0118,1.74,3.68,Mass,1.3,307.523512043263,0.8357356070973966,0.7879237708976956,Transit Timing Variations,M
Kepler-1229 b,Kepler-1229,3784.0,265.482,1.4,2.54,M-R relationship,0.524,245.03341315509624,0.8338123443664589,0.7496686910903525,Transit,M
Kepler-62 e,Kepler-62,4925.0,300.874,1.61,5.512027601377555,Chen&Kipping2017 (this script),1.352,310.553666230792,0.8242298084141739,0.803758483486027,Transit,K
TRAPPIST-1 f,TRAPPIST-1,2566.0,12.42988881,1.045,1.039,Mass,0.373,225.07108042206286,0.8197149691278128,0.6767149537432176,Transit,M
Teegarden's Star c,Teegarden's Star,3034.0,3.83078,1.02,1.05,Msini,0.35,221.51824338627608,0.819423295551325,0.6594692035846517,Radial Velocity,M
Kepler-62 f,Kepler-62,4925.0,300.874,1.41,3.4263800224031855,Chen&Kipping2017 (this script),0.5,242.1781675930698,0.7993256926311579,0.7353743679665892,Transit,K
Gl 725 B c,Gl 725 B,3379.0,6.842357,1.66,3.4,Msini,0.4742,238.99173118919134,0.7760190612495029,0.6927738922921115,Radial Velocity,M
Kepler-186 f,Kepler-186,3755.0,177.594,1.17,1.71,M-R relationship,0.3,213.14384769377816,0.7682830109106485,0.6152415414513428,Transit,M
LHS 1140 b,LHS 1140,3096.0,14.9861,1.73,5.6,Mass,0.43,233.2166762818871,0.764313319601719,0.6605994673157863,Transit,M
GJ 1002 c,GJ 1002,3024.0,4.84867,1.1,1.36,Msini,0.257,205.05755208466917,0.758568606173079,0.5806821971737288,Radial Velocity,M
TRAPPIST-1 g,TRAPPIST-1,2566.0,12.42988881,1.129,1.321,Mass,0.252,204.05283027810572,0.7493442566957286,0.575376160852815,Transit,M
GJ 667 C e,GJ 667 C,3350.0,7.24396,1.45,2.7,Msini,0.3022,213.53354138816965,0.741428993609908,0.5994476058809121,Radial Velocity,M
