kepoi_name,kepler_name,koi_disposition,koi_pdisposition,koi_prad,koi_insol,koi_teq,koi_steff,koi_srad,koi_smass,koi_period,T_surf,K_host,size_user,temp
K00172.02,Kepler-69 c,CONFIRMED,CANDIDATE,1.73,1.59,286.0,5637.0,0.943,0.813,242.467,323.401,False,False,False
K02162.01,Kepler-1126 b,CONFIRMED,CANDIDATE,1.68,4.64,374.0,5678.0,0.921,0.794,108.593,422.69,False,False,False
K07621.01,,CANDIDATE,CANDIDATE,1.86,2.0,303.0,5604.0,1.187,0.864,275.074,342.492,False,False,False
K07711.01,,CANDIDATE,CANDIDATE,1.31,0.87,246.0,5734.0,0.797,0.865,302.78,278.146,False,True,False
K05276.01,,CANDIDATE,CANDIDATE,2.0,0.72,235.0,5150.0,0.696,0.77,220.72,265.293,True,False,False
K05176.01,,CANDIDATE,CANDIDATE,1.26,1.72,292.0,5790.0,0.856,0.804,215.732,329.818,False,True,False
K05237.01,,CANDIDATE,CANDIDATE,1.84,0.6,224.0,5772.0,0.745,0.823,380.395,253.472,False,False,False
K05248.01,,CANDIDATE,CANDIDATE,1.35,1.94,301.0,5692.0,0.82,0.77,179.255,339.894,False,True,False
K05130.01,,CANDIDATE,CANDIDATE,1.9,0.43,206.0,5228.0,0.751,0.806,370.059,233.217,False,False,False
K05135.01,,CANDIDATE,CANDIDATE,2.0,0.53,217.0,5228.0,0.755,0.836,314.765,245.732,False,False,False
K05554.01,,CANDIDATE,CANDIDATE,0.96,2.25,312.0,6113.0,1.277,0.874,362.222,352.727,False,False,False
K05819.01,,CANDIDATE,CANDIDATE,1.24,0.48,212.0,5513.0,0.729,0.796,381.375,239.719,False,True,False
K05715.01,,CANDIDATE,CANDIDATE,1.93,1.08,260.0,5335.0,0.742,0.83,189.962,293.595,False,False,True
K05389.01,,CANDIDATE,CANDIDATE,1.73,0.8,241.0,5420.0,0.953,0.825,365.74,272.374,False,False,False
K05978.01,,CANDIDATE,CANDIDATE,1.78,0.45,209.0,4988.0,0.85,0.829,364.181,235.882,True,False,False
K05878.01,,CANDIDATE,CANDIDATE,1.88,0.94,251.0,5433.0,0.689,0.736,211.541,283.579,False,False,True
K07894.01,,CANDIDATE,CANDIDATE,1.62,0.97,253.0,5995.0,0.878,0.964,347.976,285.815,False,False,True
K07223.01,,CANDIDATE,CANDIDATE,1.59,0.54,218.0,5366.0,0.715,0.793,317.062,246.883,False,False,False
K07235.01,,CANDIDATE,CANDIDATE,1.15,0.75,237.0,5606.0,0.76,0.832,299.707,268.014,False,True,False
K08000.01,,CANDIDATE,CANDIDATE,1.7,1.2,267.0,5663.0,0.782,0.847,225.488,301.431,False,False,True
K08242.01,,CANDIDATE,CANDIDATE,1.36,0.78,240.0,5762.0,0.801,0.892,331.555,270.655,False,True,False
K08047.01,,CANDIDATE,CANDIDATE,1.98,0.44,208.0,4829.0,0.794,0.843,302.35,234.561,True,False,False
