kepoi_name,kepler_name,koi_disposition,koi_pdisposition,koi_prad,koi_insol,koi_teq,koi_steff,koi_srad,koi_smass,koi_period
"K00172.02","Kepler-69 c","CONFIRMED","CANDIDATE",1.73,1.59,286.0,5637.00,0.9430,0.8130,242.467406
"K02162.01","Kepler-1126 b","CONFIRMED","CANDIDATE",1.68,4.64,374.0,5678.00,0.9210,0.7940,108.593113
"K07621.01",,"CANDIDATE","CANDIDATE",1.86,2.00,303.0,5604.00,1.1870,0.8640,275.07365
"K07711.01",,"CANDIDATE","CANDIDATE",1.31,0.87,246.0,5734.00,0.7970,0.8650,302.779824
"K05276.01",,"CANDIDATE","CANDIDATE",2,0.72,235.0,5150.00,0.6960,0.7700,220.720142
"K05176.01",,"CANDIDATE","CANDIDATE",1.26,1.72,292.0,5790.00,0.8560,0.8040,215.732414
"K05237.01",,"CANDIDATE","CANDIDATE",1.84,0.60,224.0,5772.00,0.7450,0.8230,380.39474
"K05248.01",,"CANDIDATE","CANDIDATE",1.35,1.94,301.0,5692.00,0.8200,0.7700,179.25465
"K05130.01",,"CANDIDATE","CANDIDATE",1.9,0.43,206.0,5228.00,0.7510,0.8060,370.05918
"K05135.01",,"CANDIDATE","CANDIDATE",2,0.53,217.0,5228.00,0.7550,0.8360,314.765374
"K05554.01",,"CANDIDATE","CANDIDATE",0.96,2.25,312.0,6113.00,1.2770,0.8740,362.22202
"K05819.01",,"CANDIDATE","CANDIDATE",1.24,0.48,212.0,5513.00,0.7290,0.7960,381.37504
"K05715.01",,"CANDIDATE","CANDIDATE",1.93,1.08,260.0,5335.00,0.7420,0.8300,189.961729
"K05389.01",,"CANDIDATE","CANDIDATE",1.73,0.80,241.0,5420.00,0.9530,0.8250,365.739893
"K05978.01",,"CANDIDATE","CANDIDATE",1.78,0.45,209.0,4988.00,0.8500,0.8290,364.18129
"K05878.01",,"CANDIDATE","CANDIDATE",1.88,0.94,251.0,5433.00,0.6890,0.7360,211.54114
"K07894.01",,"CANDIDATE","CANDIDATE",1.62,0.97,253.0,5995.00,0.8780,0.9640,347.97611
"K07223.01",,"CANDIDATE","CANDIDATE",1.59,0.54,218.0,5366.00,0.7150,0.7930,317.062416
"K07235.01",,"CANDIDATE","CANDIDATE",1.15,0.75,237.0,5606.00,0.7600,0.8320,299.70688
"K08000.01",,"CANDIDATE","CANDIDATE",1.7,1.20,267.0,5663.00,0.7820,0.8470,225.48805
"K08242.01",,"CANDIDATE","CANDIDATE",1.36,0.78,240.0,5762.00,0.8010,0.8920,331.55459
"K08047.01",,"CANDIDATE","CANDIDATE",1.98,0.44,208.0,4829.00,0.7940,0.8430,302.34971
